1,Answers,n/a
7,Categories,n/a
29,Topics,n/a
51,Industries,n/a
60,Countries,n/a
5,Glossary,n/a
2,Inbox - Email,n/a
4,Inbox - Ticket,n/a
3,Trash,n/a
8,About Export.gov,topic
9,CE Marking,topic
99,Doing Business in Africa,topic
10,Expand Your Exports,topic
11,Export Assistance,topic
14,Export Basics,topic
19,Export Licenses,topic
15,Free Trade Agreements,topic
21,Finance Your Exports,topic
84,GKC Content Training,topic
12,Importing,industry
23,International Logistics,industry
16,International Sales and Marketing,industry
24,Legal Assistance,industry
17,Market Research,industry
92,National Export Initiative,industry
28,Safe Harbor - U.S.-European Union,topic
27,Safe Harbor - U.S.-Swiss,topic
22,Selling Online,topic
13,Trade Barriers,topic
26,Trade Leads,topic
18,Trade Regulations,topic
107,Trade Missions,topic
30,TPCC,topic
31,Export Documents and Forms,topic
32,Business Matchmaking,topic
33,Trade Data,topic
34,Insurance,industry
108,International Buyer Program,topic
35,Loans,industry
36,CAFTA-DR,topic
37,NAFTA,topic
38,Getting Paid,topic
39,Shipping,topic
40,Incoterms,topic
41,Schedule B and HS Number,topic
42,Tariffs and Import Fees,industry
43,Personal Shipments,topic
44,Freight Forwarder,topic
45,Sales and Promotion,topic
49,Product Labeling,topic
52,Agribusiness,industry
53,Education,industry
54,Finance,industry
55,Health Technologies,industry
56,Information & Communication,industry
57,Travel,industry
58,Textiles,industry
59,Apparel & Sporting Goods,industry
106,Automotive & Ground Transportation,industry
73,Australia,country
66,Bahrain,country
80,Brazil,country
76,Canada,country
100,Chile,country
79,China,country
67,Costa Rica,country
101,Columbia,country
68,Dominican Republic,country
69,El Salvador,country
61,European Union,country
70,Guatemala,country
71,Honduras,country
81,India,country
105,Japan,country
65,Jordan,country
63,Israel,country
77,Mexico,country
74,Morocco,country
72,Nicuragua,country
102,Oman,country
103,Panama,country
104,Peru,country
78,Singapore,country
64,South Korea,country
82,Spain,country
62,Turkey,country
83,United States,country
75,West Bank,country